Forecaster,MAPE (%),RMSE
Westpac,26.583333333333332,142498.67385347837
Harry Spent,69.91666666666666,406718.72037072503
Joe Bloggs,142.41666666666663,2253731.7542652083
